{"File" : "HFS.json",
"total_calculation_time" : "0.152363",
"computation_started" : "Mon May 15 13:03:40 2017",
"computation_finished" : "Mon May 15 13:03:41 2017",
"build_date" : "May 15 2017-13:03:25",
"total_calculation_time" : "0.152363",
"Nk" : 22,
"NDIM" : 1,
"rs" : 1.200000000000000,
"mycase" : "cRHF2cUHF",
"deltaK" : 0.124666437475640,
"kf" : 0.654498469497874,
"kmax" : 1.308997593494217,
"Nocc" : 10,
"Nvir" : 11,
"Nexc" : 110,
"Nmat" : 220,
"ground_state_degeneracy" : 4,
"dav_its" : 0,
"num_guess_evecs" : 1,
"dav_blocksize" : 1,
"dav_num_evals" : 1,
"mv_time" : 0.000000000000000,
"cond_number" : 0.000000000000000,
"dav_nconv" : 0,
"twoE_parameter_1dCase" : 1.000000000000000,
"use_delta_1D" : 1,
"full_diag_min" : -19.552149993957627,
"full_diag_time" : 0.132506016000000,
"exact_evals" : [-19.552149993957627, -19.552149993957606, -17.520754653350451, -17.520754653350448, -15.502996509645177, -15.502996509645172, -13.504807780555216, -13.504807780555215, -11.535861800494001, -11.535861800493995, -9.612664665822320, -9.612664665822317, -7.689769433634236, -7.689769433634233, -5.767115730725313, -5.767115730725312, -3.844643179029783, -3.844643179029783, -1.922291396835661, -1.922291396835659, 0.077708603164339, 0.077708603164339, 0.077708603164340, 0.077708603164343, 0.103275559806131, 0.103275559806131, 0.139875485695809, 0.139875485695809, 0.139875485695809, 0.139875485695809, 0.155477591687136, 0.155477591687137, 0.170052611840525, 0.170052611840526, 0.170958926961545, 0.170958926961545, 0.170958926961545, 0.170958926961545, 0.186500647594410, 0.186500647594411, 0.186500647594411, 0.186500647594411, 0.195335384925675, 0.195335384925677, 0.206327800732061, 0.206327800732061, 0.217584088860146, 0.217584088860146, 0.217584088860147, 0.217584088860147, 0.219881605683176, 0.219881605683177, 0.233125809493013, 0.233125809493014, 0.233125809493014, 0.233125809493014, 0.233125809493014, 0.233125809493014, 0.233125809493014, 0.233125809493015, 0.241523763489316, 0.241523763489316, 0.251404174623018, 0.251404174623019, 0.260165358472292, 0.260165358472293, 0.261034936231175, 0.261034936231175, 0.264883230664673, 0.264883230664673, 0.275838919042680, 0.275838919042680, 0.279750971391616, 0.279750971391616, 0.279750971391616, 0.279750971391616, 0.279750971391617, 0.279750971391617, 0.279750971391617, 0.279750971391617, 0.279750971391618, 0.279750971391618, 0.310834412657352, 0.310834412657352, 0.310834412657352, 0.310834412657354, 0.311051793542359, 0.311051793542361, 0.326376133290219, 0.326376133290219, 0.326376133290219, 0.326376133290219, 0.341158951706512, 0.341158951706513, 0.341917853923087, 0.341917853923087, 0.341917853923087, 0.341917853923088, 0.346603983451695, 0.346603983451697, 0.347087900204055, 0.347087900204055, 0.364239704190527, 0.364239704190530, 0.366580218777048, 0.366580218777049, 0.366792953584733, 0.366792953584733, 0.380531527231973, 0.380531527231973, 0.388543015821689, 0.388543015821690, 0.388543015821690, 0.388543015821690, 0.404084736454558, 0.404084736454558, 0.404084736454559, 0.404084736454559, 0.419051036068372, 0.419051036068372, 0.419626457087425, 0.419626457087425, 0.419626457087425, 0.419626457087425, 0.431136020179242, 0.431136020179242, 0.435168177720291, 0.435168177720292, 0.435168177720292, 0.435168177720293, 0.441984589215499, 0.441984589215501, 0.449499838488560, 0.449499838488560, 0.466251618986028, 0.466251618986028, 0.466251618986028, 0.466251618986029, 0.466723708384555, 0.466723708384555, 0.473380025019307, 0.473380025019308, 0.499890856672018, 0.499890856672019, 0.512876780884630, 0.512876780884631, 0.512876780884631, 0.512876780884631, 0.516604805068659, 0.516604805068660, 0.518738907400128, 0.518738907400129, 0.529133303693371, 0.529133303693375, 0.543960222150364, 0.543960222150365, 0.543960222150365, 0.543960222150366, 0.543960222150366, 0.543960222150366, 0.543960222150366, 0.543960222150366, 0.543960222150367, 0.543960222150367, 0.559501942783234, 0.559501942783234, 0.559501942783234, 0.559501942783236, 0.566822610648063, 0.566822610648064, 0.584026094936084, 0.584026094936084, 0.606127104681834, 0.606127104681835, 0.606127104681837, 0.606127104681837, 0.611471489488443, 0.611471489488444, 0.620365531113429, 0.620365531113430, 0.626690811033428, 0.626690811033431, 0.652752266580437, 0.652752266580437, 0.652752266580437, 0.652752266580439, 0.657005361083897, 0.657005361083898, 0.668361745935813, 0.668361745935814, 0.680703503175054, 0.680703503175054, 0.683835707846172, 0.683835707846173, 0.683835707846173, 0.683835707846174, 0.692163756646356, 0.692163756646357, 0.699377428479041, 0.699377428479042, 0.699377428479042, 0.699377428479043, 0.699377428479043, 0.699377428479043, 0.730250295826701, 0.730250295826702, 0.761544311010512, 0.761544311010512, 0.776204806142078, 0.776204806142078, 0.807104737205179, 0.807104737205180, 0.808169472909114, 0.808169472909115, 0.823071699662486, 0.823071699662487, 0.839252914174849, 0.839252914174850, 0.854794634807719, 0.854794634807720],
"dav_tol" : 0.000001000000000,
"dav_maxits" : 30,
"dav_max_subsize" : 1500,
"dav_min_eval" : 0.000000000000000,
"dav_time" : 0.000000000000000,
"occ_energies" : [-8.842640078592217, -8.904806961123686, -8.951432123022288, -8.982515564288024, -8.998057284920892, -8.998057284920892, -8.982515564288024, -8.951432123022288, -8.904806961123686, -8.842640078592217],
"vir_energies" : [-9.143262650113174, -9.298679856441851, -9.438555342137658, -9.562889107200599, -9.671681151630672, -9.764931475427877, -9.764931475427877, -9.671681151630672, -9.562889107200599, -9.438555342137658, -9.298679856441851],
"exc_energies" : [-0.922291396835661, -0.922291396835661, -0.922291396835661, -0.922291396835661, -0.860124514304191, -0.860124514304191, -0.860124514304191, -0.860124514304191, -0.829041073038455, -0.829041073038455, -0.829041073038455, -0.829041073038455, -0.813499352405589, -0.813499352405589, -0.813499352405589, -0.813499352405589, -0.782415911139854, -0.782415911139854, -0.782415911139854, -0.782415911139854, -0.766874190506986, -0.766874190506986, -0.766874190506986, -0.766874190506986, -0.766874190506986, -0.766874190506986, -0.766874190506986, -0.766874190506986, -0.720249028608384, -0.720249028608384, -0.720249028608384, -0.720249028608384, -0.720249028608382, -0.720249028608382, -0.720249028608382, -0.720249028608382, -0.689165587342648, -0.689165587342648, -0.689165587342648, -0.689165587342648, -0.673623866709780, -0.673623866709780, -0.673623866709780, -0.673623866709780, -0.658082146076913, -0.658082146076913, -0.658082146076913, -0.658082146076913, -0.611456984178311, -0.611456984178311, -0.611456984178311, -0.611456984178311, -0.595915263545441, -0.595915263545441, -0.595915263545441, -0.595915263545441, -0.580373542912575, -0.580373542912575, -0.580373542912575, -0.580373542912575, -0.564831822279707, -0.564831822279707, -0.564831822279707, -0.564831822279707, -0.533748381013972, -0.533748381013972, -0.533748381013972, -0.533748381013972, -0.487123219115370, -0.487123219115370, -0.487123219115370, -0.487123219115370, -0.456039777849634, -0.456039777849634, -0.456039777849634, -0.456039777849634, -0.456039777849634, -0.456039777849634, -0.456039777849634, -0.456039777849634, -0.440498057216766, -0.440498057216766, -0.440498057216766, -0.440498057216766, -0.393872895318164, -0.393872895318164, -0.393872895318164, -0.393872895318164, -0.347247733419563, -0.347247733419563, -0.347247733419563, -0.347247733419563, -0.316164292153827, -0.316164292153827, -0.316164292153827, -0.316164292153827, -0.300622571520959, -0.300622571520959, -0.300622571520959, -0.300622571520959, -0.300622571520957, -0.300622571520957, -0.238455688989488, -0.238455688989488, -0.191830527090886, -0.191830527090886, -0.160747085825150, -0.160747085825150, -0.145205365192282, -0.145205365192282],